158575,Nataniel,Love,U,Natural Sciences and Mathematics
199380,Kane,Mays,G,Natural Sciences and Mathematics
245755,Kaitlin,Cochran,G,Natural Sciences and Mathematics
443281,Abraham,Mcmahon,G,Natural Sciences and Mathematics
567349,Alexia,Willis,G,Natural Sciences and Mathematics
716403,Mikolaj,Russo,U,Natural Sciences and Mathematics
,,,,
,,,,
,,,,
,,,,
,,,,
,,,,
,,,,
,,,,
,,,,
,,,,
,,,,
,,,,
,,,,
,,,,
,,,,
,,,,
,,,,
,,,,
,,,,
,,,,
873096,Ayub,Cortez,U,Natural Sciences and Mathematics
